{"nf":2,"mf":200,"nevals_p":7,"niters_p":5,"work":[-Infinity,-Infinity,Infinity,Infinity,3.68878261269856e-7,3.7129854746353887e-7,0.000009514861637193719,-0.00000600806825858583,0.000009514861637194283,0.000030836435627179529,-0.00000600806825858583,-0.00002715504265893287,0.000002189461145746252,0.000007095779519517009,-0.000002175641497193499,-0.000009833380776314016,-0.0013521392305454739,-0.004382080212028683,0.00002773688048414975,0.00012538045490728678,-0.11149228538354143,-0.35823434251236466,-0.00006947102389244462,-0.00031394420840769044,0.0,6.013578131984711e-154,0.0,6.013345188261693e-154,0.0,4.470399761025053e-33,0.0,6.013470374036159e-154,0.0,6.013470016999069e-154,0.0,4.912239615204714e-62,0.0,6.013470530412408e-154,0.0,6.013469527992144e-154,0.0,4.764195864149747e-38,0.0,6.01347001839442e-154,0.0,6.013470016999069e-154,0.0,7.124573670409411e-67,0.0,6.013470018741397e-154,0.0,6.013470015088885e-154,0.0,8.98061426848381e-67,0.0,6.01347001700689e-154,0.0,6.013470016999069e-154,0.0,3.060605814354943e-57,0.0,6.01347001700588e-154,0.0,1.9599451119366307e-62,0.0,1.3160804482806742e-259,0.0,4.448915428887656e-86,0.0,1.357414621166155e-153,0.0,6.013470016999069e-154,0.0,1.3035514239001885e-76,0.0,1.431714644606699e-153,0.0,6.013470016999069e-154,0.0,1.793719733970245e-52,0.0,6.047077197217166e-154,0.0,5.981422459169693e-154,0.0,1.8291782482724818e-76,0.0,6.013572821681197e-154,0.0,6.013470016999069e-154,0.0,4.853328730882807e-33,0.0,6.013578667015414e-154,0.0,6.013470016999069e-154,0.0,1.5866096989105176e-47,0.0,6.013470419099129e-154,0.0,6.013469527992144e-154,0.0,2.5286386095573757e-52,0.0,6.013470018830597e-154,0.0,6.013470016999069e-154,0.0,9.728196658062402e-72,0.0,6.01347001900289e-154,0.0,6.013470016999069e-154,0.0,9.516904996270518e-43,0.0,6.013470017007573e-154,0.0,8.817488439364154e67,0.0,1.202694003399832e-153,0.0,6.041147453323525e-154,0.0,5.981513860230809e-154,0.0,9.15785521488905e-72,0.0,6.013561418322388e-154,0.0,6.013470016999069e-154,0.0,3.376098065024296e-57,0.0,6.013601450813892e-154,0.0,6.013344831226298e-154,0.0,4.76532154492256e-38,0.0,6.013470374123664e-154,0.0,6.013470016999069e-154,0.0,5.1534418727716159e-62,0.0,6.013470463035033e-154,0.0,6.013469527992144e-154,0.0,7.85916454289733e-67,0.0,6.013470018396127e-154,0.0,6.013470016999069e-154,0.0,5.397474341456352e-62,0.0,6.013470018742748e-154,0.0,6.013744281290984e-154,0.0,1.3973698205177654e-76,0.0,2.3694278287162858e-38,0.0,1.1994353162481539e-71,0.0,6.013470016999069e-154,0.0,3.252667533263906e-86,0.0,4.427984366096592e-62,0.0,6.013470016999069e-154,0.0,8.542898476576667e-72,0.0,1.7300471135743677e-153,0.0,2.435660095649793e-154,0.0,2.9073738721670509e-33,0.0,6.039816422482252e-154,0.0,6.013470016999069e-154,0.0,3.694014876128596e-33,0.0,6.041284421183607e-154,0.0,6.013470016999069e-154,0.0,7.269551814738368e-43,0.0,6.01357295461463e-154,0.0,6.013344831226298e-154,0.0,4.427005003850541e-62,0.0,6.013470441500023e-154,0.0,6.013470016999069e-154,0.0,9.162276865455636e-72,0.0,6.013470529977256e-154,0.0,6.013470016999069e-154,0.0,2.6301966568681368e-52,0.0,6.013470019176206e-154,0.0,1.0635786423962371e-259,0.0,6.963122568368413e-77,0.0,1.426444226219958e-153,0.0,2.4415097635612069e-154,0.0,6.768453572915005e-43,0.0,6.036868800049276e-154,0.0,6.013470016999069e-154,0.0,1.793719733970245e-52,0.0,5.642478593511127e-62,0.0,5.981422459169693e-154,0.0,9.946079884452961e-43,0.0,6.01356144054964e-154,0.0,6.013470016999069e-154,0.0,2.0053812110353694e-52,0.0,1.4317112082038306e-153,0.0,6.013344831226298e-154,0.0,8.234409333241204e-67,0.0,6.01347037473247e-154,0.0,6.013470016999069e-154,0.0,1.382408386962044e-47,0.0,6.039793617237286e-154,0.0,6.083681675729478e-154,0.0,1.3037115335321975e-76,0.0,4.563352006383501e-72,0.0,6.123870437295143e-62,0.0,6.01347001699909e-154,0.0,1.2576632129154204e-76,0.0,8.6097390875179e-67,0.0,6.01347057417331e-154,0.0,3.242456618856087e-86,0.0,8.166403601489142e-43,0.0,6.554909140863588e-260,0.0,3.6446095555332768e-86,0.0,1.8789248939526826e-153,0.0,6.013470016999069e-154,0.0,3.6691469569945009e-62,0.0,1.246629863908093e-47,0.0,6.013470017004518e-154,0.0,1.9155386160486834e-76,0.0,1.6553008165290004e-47,0.0,5.981422459169693e-154,0.0,2.1746236727015167e-76,0.0,6.013561596491416e-154,0.0,6.013470016999069e-154,0.0,1.4004021025621027e-76,0.0,2.1780051860665608e-76,0.0,6.013470016999069e-154,0.0,3.317113345118152e-33,0.0,6.038342711290927e-154,0.0,6.083681675729478e-154,0.0,1.3037115335321975e-76,0.0,6.013470016991628e-154,0.0,1.7458620589494704e-76,0.0,6.013470016999098e-154,0.0,1.2576632129154204e-76,0.0,3.937063513186477e-62,0.0,6.013470018396801e-154,0.0,3.242456618856087e-86,0.0,1.918585419676049e-76,0.0,6.55490914323043e-260,0.0,3.242456618856087e-86,0.0,1.879796628728238e-153,0.0,6.013470016999069e-154,0.0,5.5986739456092849e-67,0.0,4.66821852063089e-62,0.0,1.9135e-320,0.0,6.9523004077009e-310,0.0,1.88254347e-316,0.0,1.88254347e-316,0.0,1.88254347e-316,0.0,6.013567220242999e-154,0.0,6.013470016999069e-154,0.0,1.4010768032304695e-76,0.0,1.2091240892391423e-153,0.0,6.013470016999069e-154,0.0,1.5727960200048728e-76,0.0,1.2073760271542489e-153,0.0,1.4260257118888609e-105,0.0,6.013470023178984e-154,0.0,1.9599451316068725e-62,0.0,1.3160804482806742e-259,0.0,5.071836435066116e-86,0.0,1.2073737645075352e-153,0.0,6.013470016999069e-154,0.0,8.542898476576667e-72,0.0,9.96536821370699e-43,0.0,2.4356600956497994e-154,0.0,1.5767190089744966e-52,0.0,6.036868888960974e-154,0.0,6.013470016999069e-154,0.0,5.148675339115203e-62,0.0,4.425117134855516e-62,0.0,5.981422459169693e-154,0.0,2.4201554410570076e-52,0.0,6.013561418929829e-154,0.0,6.013470016999069e-154,0.0,3.218655778494409e-57,0.0,1.357127818604506e-153,0.0,4.87010951768279e-153,0.0,3.4435330880842e-86,0.0,6.013470015094333e-154,0.0,8.973375362910591e-67,0.0,6.013470017004517e-154,0.0,2.4737980795715996e-91,0.0,9.965375242762508e-43,0.0,6.013612653604815e-154,0.0,6.963122568342815e-77,0.0,8.231573840406622e-67,0.0,6.013470018395446e-154,0.0,1.9599447627577276e-62,0.0,2.0052857630612257e-76,0.0,6.013470016999069e-154,0.0,3.242456618856087e-86,0.0,8.974818701149476e-67,0.0,6.013470018394088e-154,0.0,1.0327730542680014e-47,0.0,5.059217571131224e-38,0.0,2.4356600956498004e-154,0.0,8.544003906151719e-72,0.0,6.036908676688544e-154,0.0,6.013470016999069e-154,0.0,2.0019003015996278e-76,0.0,4.663010376175405e-33,0.0,6.01347001699909e-154,0.0,1.4262651264590606e-71,0.0,1.2828414341509125e-153,0.0,4.87010951768279e-153,0.0,3.4435330880842e-86,0.0,6.013470015094333e-154,0.0,3.2193048485494226e-57,0.0,6.013470017004527e-154,0.0,2.4737980795715996e-91,0.0,1.57280262436258e-76,0.0,6.013470374818618e-154,0.0,6.963122568342815e-77,0.0,1.588746874803437e-47,0.0,6.013470574258438e-154,0.0,6.963122568342781e-77,0.0,1.9168920998826655e-76,0.0,6.013470016999069e-154,0.0,3.242456618856087e-86,0.0,4.91226939056451e-62,0.0,6.013470017006555e-154,0.0,1.57588661845093e-52,0.0,1.690141814505733e-52,0.0,2.435660095651156e-154,0.0,8.542898476576667e-72,0.0,6.036868911100385e-154,0.0,6.013470016999069e-154,0.0,2.1746236727015167e-76,0.0,1.916893412529959e-76,0.0,6.013470016999069e-154,0.0,8.235858196208485e-67,0.0,1.3987193045585062e-76,0.0,1.425999171108303e-105,0.0,6.013471709153545e-154,0.0,6.013759731379903e-154,0.0,1.3973698205177654e-76,0.0,1.1998610048763577e-71,0.0,9.961837571603483e-43,0.0,6.013470016999069e-154,0.0,3.242456618856087e-86,0.0,1.7255893080970634e-47,0.0,6.5549091408647e-260,0.0,4.064042501208314e-86,0.0,9.949590081583861e-43,0.0,6.013470016999069e-154,0.0,1.57588661845093e-52,0.0,7.489726883972571e-67,0.0,2.4356600956497994e-154,0.0,3.6725019339577977e-62,0.0,1.2837131689095765e-153,0.0,6.013470016999069e-154,0.0,3.214926679129294e-57,0.0,6.752215444612172e-67,0.0,8.818518339291592e78,0.0,4.563352326871965e-72,0.0,6.013469529386813e-154,0.0,6.131496478659869e-62,0.0,6.013470396438428e-154,0.0,6.013470016999069e-154,0.0,1.7258638805782333e-47,0.0,6.04998498807011e-154,0.0,6.013470016999069e-154,0.0,